bmi_group,人数,高血压人数,高血压患病率
低体重,99,17,0.1717171717171717
正常体重,1372,245,0.17857142857142858
肥胖,2236,550,0.24597495527728086
超重,1727,397,0.22987840185292416
